{
  "collaborative_filtering": {
    "rmse": 11.37153176216261,
    "precision@10": 0.3975169300225734,
    "recall@10": 0.9950259672607303,
    "f1@10": 0.5680825611474964
  },
  "business_recommendation": {
    "precision@5": 0.6809999999999999,
    "recall@5": 0.19482099885408707,
    "f1@5": 0.30296852985534956,
    "category_coverage": 1.0
  },
  "hybrid_score": 0.5521887760060279,
  "timestamp": "2025-05-14 00:07:19"
}